file_name,duration,action,class_id
P03-cam01-P03_cereals,56,cereals,0
P03-cam01-P03_coffee,62,coffee,1
P03-cam01-P03_friedegg,285,friedegg,4
P03-cam01-P03_milk,78,milk,8
P03-cam01-P03_salat,297,salat,9
P03-cam01-P03_sandwich,203,sandwich,6
P03-cam01-P03_tea,88,tea,2
P03-webcam01-P03_cereals,56,cereals,0
P03-webcam01-P03_coffee,62,coffee,1
P03-webcam01-P03_friedegg,285,friedegg,4
P03-webcam01-P03_milk,78,milk,8
P03-webcam01-P03_salat,297,salat,9
P03-webcam01-P03_sandwich,203,sandwich,6
P03-webcam01-P03_tea,88,tea,2
P03-stereo-P03_cereals_ch0,56,cereals,0
P03-stereo-P03_coffee_ch0,62,coffee,1
P03-stereo-P03_milk_ch0,78,milk,8
P03-stereo-P03_sandwich_ch0,203,sandwich,6
P03-stereo-P03_tea_ch0,88,tea,2
P03-webcam02-P03_cereals,56,cereals,0
P03-webcam02-P03_coffee,62,coffee,1
P03-webcam02-P03_friedegg,285,friedegg,4
P03-webcam02-P03_milk,78,milk,8
P03-webcam02-P03_salat,297,salat,9
P03-webcam02-P03_sandwich,203,sandwich,6
P03-webcam02-P03_tea,88,tea,2
P04-cam01-P04_cereals,33,cereals,0
P04-cam01-P04_friedegg,225,friedegg,4
P04-cam01-P04_milk,51,milk,8
P04-cam01-P04_pancake,447,pancake,3
P04-cam01-P04_sandwich,97,sandwich,6
P04-cam01-P04_scrambledegg,182,scrambledegg,5
P04-cam01-P04_tea,27,tea,2
P04-webcam01-P04_cereals,33,cereals,0
P04-webcam01-P04_friedegg,225,friedegg,4
P04-webcam01-P04_milk,51,milk,8
P04-webcam01-P04_pancake,447,pancake,3
P04-webcam01-P04_salat,186,salat,9
P04-webcam01-P04_sandwich,97,sandwich,6
P04-webcam01-P04_scrambledegg,182,scrambledegg,5
P04-webcam01-P04_tea,27,tea,2
P04-stereo-P04_cereals_ch0,33,cereals,0
P04-stereo-P04_friedegg_ch0,225,friedegg,4
P04-stereo-P04_milk_ch0,51,milk,8
P04-stereo-P04_pancake_ch0,447,pancake,3
P04-stereo-P04_sandwich_ch0,97,sandwich,6
P04-stereo-P04_scrambledegg_ch0,182,scrambledegg,5
P04-stereo-P04_tea_ch0,27,tea,2
P04-webcam02-P04_cereals,33,cereals,0
P04-webcam02-P04_friedegg,225,friedegg,4
P04-webcam02-P04_milk,51,milk,8
P04-webcam02-P04_pancake,447,pancake,3
P04-webcam02-P04_salat,186,salat,9
P04-webcam02-P04_sandwich,97,sandwich,6
P04-webcam02-P04_scrambledegg,182,scrambledegg,5
P04-webcam02-P04_tea,27,tea,2
P05-cam01-P05_cereals,80,cereals,0
P05-cam01-P05_coffee,75,coffee,1
P05-cam01-P05_friedegg,228,friedegg,4
P05-cam01-P05_juice,187,juice,7
P05-cam01-P05_pancake,394,pancake,3
P05-cam01-P05_salat,257,salat,9
P05-cam01-P05_sandwich,183,sandwich,6
P05-cam01-P05_scrambledegg,180,scrambledegg,5
P05-cam01-P05_tea,111,tea,2
P05-stereo-P05_juice_ch0,187,juice,7
P05-stereo-P05_milk_ch0,73,milk,8
P06-cam01-P06_cereals,34,cereals,0
P06-cam01-P06_coffee,32,coffee,1
P06-cam01-P06_friedegg,148,friedegg,4
P06-cam01-P06_juice,88,juice,7
P06-cam01-P06_milk,40,milk,8
P06-cam01-P06_pancake,333,pancake,3
P06-cam01-P06_salat,217,salat,9
P06-cam01-P06_sandwich,168,sandwich,6
P06-cam01-P06_scrambledegg,91,scrambledegg,5
P06-cam01-P06_tea,35,tea,2
P06-stereo-P06_scrambledegg_ch0,91,scrambledegg,5
P07-cam01-P07_milk,68,milk,8
P07-cam01-P07_salat,222,salat,9
P07-cam01-P07_scrambledegg,152,scrambledegg,5
P07-webcam01-P07_cereals,63,cereals,0
P07-webcam01-P07_friedegg,200,friedegg,4
P07-webcam01-P07_juice,81,juice,7
P07-webcam01-P07_milk,68,milk,8
P07-webcam01-P07_pancake,261,pancake,3
P07-webcam01-P07_salat,222,salat,9
P07-webcam01-P07_sandwich,143,sandwich,6
P07-webcam01-P07_scrambledegg,152,scrambledegg,5
P07-webcam01-P07_tea,45,tea,2
P07-stereo-P07_friedegg_ch0,200,friedegg,4
P07-stereo-P07_juice_ch0,81,juice,7
P07-stereo-P07_milk_ch0,68,milk,8
P07-stereo-P07_sandwich_ch0,143,sandwich,6
P07-stereo-P07_scrambledegg_ch0,152,scrambledegg,5
P07-stereo-P07_tea_ch0,45,tea,2
P08-cam01-P08_juice,84,juice,7
P08-cam01-P08_tea,25,tea,2
P08-webcam01-P08_cereals,74,cereals,0
P08-webcam01-P08_coffee,19,coffee,1
P08-webcam01-P08_friedegg,274,friedegg,4
P08-webcam01-P08_juice,84,juice,7
P08-webcam01-P08_milk,90,milk,8
P08-webcam01-P08_pancake,262,pancake,3
P08-webcam01-P08_salat,200,salat,9
P08-webcam01-P08_sandwich,45,sandwich,6
P08-webcam01-P08_scrambledegg,116,scrambledegg,5
P08-webcam01-P08_tea,25,tea,2
P09-cam01-P09_coffee,39,coffee,1
P09-cam01-P09_friedegg,160,friedegg,4
P09-cam01-P09_juice,79,juice,7
P09-cam01-P09_milk,50,milk,8
P09-cam01-P09_scrambledegg,86,scrambledegg,5
P09-cam01-P09_tea,29,tea,2
P09-webcam01-P09_cereals,51,cereals,0
P09-webcam01-P09_coffee,39,coffee,1
P09-webcam01-P09_juice,79,juice,7
P09-webcam01-P09_milk,50,milk,8
P09-webcam01-P09_pancake,351,pancake,3
P09-webcam01-P09_salat,179,salat,9
P09-webcam01-P09_sandwich,109,sandwich,6
P09-webcam01-P09_scrambledegg,86,scrambledegg,5
P09-webcam01-P09_tea,29,tea,2
P10-cam01-P10_sandwich,124,sandwich,6
P10-webcam01-P10_cereals,56,cereals,0
P10-webcam01-P10_coffee,81,coffee,1
P10-webcam01-P10_friedegg,237,friedegg,4
P10-webcam01-P10_juice,160,juice,7
P10-webcam01-P10_milk,66,milk,8
P10-webcam01-P10_pancake,306,pancake,3
P10-webcam01-P10_salat,324,salat,9
P10-webcam01-P10_tea,57,tea,2
P11-cam01-P11_cereals,36,cereals,0
P11-cam01-P11_coffee,26,coffee,1
P11-cam01-P11_friedegg,557,friedegg,4
P11-cam01-P11_milk,52,milk,8
P11-cam01-P11_pancake,447,pancake,3
P11-cam01-P11_salat,181,salat,9
P11-cam01-P11_sandwich,119,sandwich,6
P11-cam01-P11_scrambledegg,177,scrambledegg,5
P11-cam01-P11_tea,23,tea,2
P11-webcam01-P11_cereals,36,cereals,0
P11-webcam01-P11_coffee,26,coffee,1
P11-webcam01-P11_friedegg,557,friedegg,4
P11-webcam01-P11_milk,52,milk,8
P11-webcam01-P11_pancake,447,pancake,3
P11-webcam01-P11_salat,181,salat,9
P11-webcam01-P11_sandwich,119,sandwich,6
P11-webcam01-P11_scrambledegg,177,scrambledegg,5
P11-webcam01-P11_tea,23,tea,2
P11-stereo-P11_milk_ch0,52,milk,8
P12-cam01-P12_cereals,44,cereals,0
P12-cam01-P12_coffee,15,coffee,1
P12-cam01-P12_friedegg,278,friedegg,4
P12-cam01-P12_milk,54,milk,8
P12-cam01-P12_pancake,192,pancake,3
P12-cam01-P12_salat,144,salat,9
P12-cam01-P12_sandwich,116,sandwich,6
P12-cam01-P12_scrambledegg,186,scrambledegg,5
P12-cam01-P12_tea,18,tea,2
P12-webcam01-P12_cereals,44,cereals,0
P12-webcam01-P12_coffee,15,coffee,1
P12-webcam01-P12_friedegg,278,friedegg,4
P12-webcam01-P12_milk,54,milk,8
P12-webcam01-P12_pancake,192,pancake,3
P12-webcam01-P12_salat,144,salat,9
P12-webcam01-P12_sandwich,116,sandwich,6
P12-webcam01-P12_scrambledegg,186,scrambledegg,5
P12-webcam01-P12_tea,18,tea,2
P12-stereo-P12_friedegg_ch0,278,friedegg,4
P12-stereo-P12_salat_ch0,144,salat,9
P13-cam01-P13_cereals,46,cereals,0
P13-cam01-P13_coffee,40,coffee,1
P13-cam01-P13_friedegg,183,friedegg,4
P13-cam01-P13_milk,39,milk,8
P13-cam01-P13_pancake,296,pancake,3
P13-cam01-P13_salat,158,salat,9
P13-cam01-P13_sandwich,118,sandwich,6
P13-cam01-P13_scrambledegg,114,scrambledegg,5
P13-cam01-P13_tea,30,tea,2
P13-webcam01-P13_cereals,46,cereals,0
P13-webcam01-P13_coffee,40,coffee,1
P13-webcam01-P13_friedegg,183,friedegg,4
P13-webcam01-P13_milk,39,milk,8
P13-webcam01-P13_pancake,296,pancake,3
P13-webcam01-P13_salat,158,salat,9
P13-webcam01-P13_sandwich,118,sandwich,6
P13-webcam01-P13_scrambledegg,114,scrambledegg,5
P13-webcam01-P13_tea,30,tea,2
P13-stereo-P13_cereals_ch0,46,cereals,0
P13-stereo-P13_milk_ch0,39,milk,8
P13-stereo-P13_pancake_ch0,296,pancake,3
P13-stereo-P13_scrambledegg_ch0,114,scrambledegg,5
P13-stereo-P13_tea_ch0,30,tea,2
P14-cam01-P14_cereals,49,cereals,0
P14-cam01-P14_coffee,25,coffee,1
P14-cam01-P14_friedegg,192,friedegg,4
P14-cam01-P14_juice,108,juice,7
P14-cam01-P14_milk,54,milk,8
P14-cam01-P14_pancake,396,pancake,3
P14-cam01-P14_salat,229,salat,9
P14-cam01-P14_sandwich,99,sandwich,6
P14-cam01-P14_scrambledegg,191,scrambledegg,5
P14-cam01-P14_tea,27,tea,2
P14-webcam01-P14_cereals,49,cereals,0
P14-webcam01-P14_coffee,25,coffee,1
P14-webcam01-P14_friedegg,192,friedegg,4
P14-webcam01-P14_juice,108,juice,7
P14-webcam01-P14_milk,54,milk,8
P14-webcam01-P14_pancake,396,pancake,3
P14-webcam01-P14_salat,229,salat,9
P14-webcam01-P14_sandwich,99,sandwich,6
P14-webcam01-P14_scrambledegg,191,scrambledegg,5
P14-webcam01-P14_tea,27,tea,2
P14-stereo-P14_cereals_ch0,49,cereals,0
P14-stereo-P14_coffee_ch0,25,coffee,1
P14-stereo-P14_friedegg_ch0,192,friedegg,4
P14-stereo-P14_juice_ch0,108,juice,7
P14-stereo-P14_milk_ch0,54,milk,8
P14-stereo-P14_salat_ch0,229,salat,9
P14-stereo-P14_sandwich_ch0,99,sandwich,6
P14-stereo-P14_scrambledegg_ch0,191,scrambledegg,5
P14-stereo-P14_tea_ch0,27,tea,2
P15-cam01-P15_cereals,26,cereals,0
P15-cam01-P15_coffee,47,coffee,1
P15-cam01-P15_friedegg,158,friedegg,4
P15-cam01-P15_juice,89,juice,7
P15-cam01-P15_milk,48,milk,8
P15-cam01-P15_pancake,498,pancake,3
P15-cam01-P15_salat,262,salat,9
P15-cam01-P15_sandwich,70,sandwich,6
P15-cam01-P15_scrambledegg,118,scrambledegg,5
P15-cam01-P15_tea,24,tea,2
P15-webcam01-P15_cereals,26,cereals,0
P15-webcam01-P15_coffee,47,coffee,1
P15-webcam01-P15_friedegg,158,friedegg,4
P15-webcam01-P15_juice,89,juice,7
P15-webcam01-P15_milk,48,milk,8
P15-webcam01-P15_pancake,498,pancake,3
P15-webcam01-P15_sandwich,70,sandwich,6
P15-webcam01-P15_scrambledegg,118,scrambledegg,5
P15-webcam01-P15_tea,24,tea,2
P15-stereo-P15_cereals_ch0,26,cereals,0
P15-stereo-P15_coffee_ch0,47,coffee,1
P15-stereo-P15_friedegg_ch0,158,friedegg,4
P15-stereo-P15_juice_ch0,89,juice,7
P15-stereo-P15_milk_ch0,48,milk,8
P15-stereo-P15_pancake_ch0,498,pancake,3
P15-stereo-P15_salat_ch0,262,salat,9
P15-stereo-P15_sandwich_ch0,70,sandwich,6
P15-stereo-P15_scrambledegg_ch0,118,scrambledegg,5
P15-stereo-P15_tea_ch0,24,tea,2
P16-cam01-P16_cereals,37,cereals,0
P16-cam01-P16_friedegg,463,friedegg,4
P16-cam01-P16_juice,150,juice,7
P16-cam01-P16_milk,60,milk,8
P16-cam01-P16_pancake,537,pancake,3
P16-cam01-P16_salat,276,salat,9
P16-cam01-P16_sandwich,130,sandwich,6
P16-cam01-P16_tea,25,tea,2
P16-webcam01-P16_cereals,37,cereals,0
P16-webcam01-P16_friedegg,463,friedegg,4
P16-webcam01-P16_juice,150,juice,7
P16-webcam01-P16_milk,60,milk,8
P16-webcam01-P16_pancake,537,pancake,3
P16-webcam01-P16_salat,276,salat,9
P16-webcam01-P16_sandwich,130,sandwich,6
P16-webcam01-P16_scrambledegg,347,scrambledegg,5
P16-webcam01-P16_tea,25,tea,2
P16-stereo-P16_cereals_ch0,37,cereals,0
P16-stereo-P16_coffee_ch0,39,coffee,1
P16-stereo-P16_friedegg_ch0,463,friedegg,4
P16-stereo-P16_juice_ch0,150,juice,7
P16-stereo-P16_milk_ch0,60,milk,8
P16-stereo-P16_pancake_ch0,537,pancake,3
P16-stereo-P16_salat_ch0,276,salat,9
P16-stereo-P16_sandwich_ch0,130,sandwich,6
P16-stereo-P16_scrambledegg_ch0,347,scrambledegg,5
P16-stereo-P16_tea_ch0,25,tea,2
P16-webcam02-P16_cereals,37,cereals,0
P16-webcam02-P16_coffee,39,coffee,1
P16-webcam02-P16_friedegg,463,friedegg,4
P16-webcam02-P16_juice,150,juice,7
P16-webcam02-P16_milk,60,milk,8
P16-webcam02-P16_pancake,537,pancake,3
P16-webcam02-P16_salat,276,salat,9
P16-webcam02-P16_sandwich,130,sandwich,6
P16-webcam02-P16_scrambledegg,347,scrambledegg,5
P16-webcam02-P16_tea,25,tea,2
P17-cam01-P17_cereals,42,cereals,0
P17-cam01-P17_coffee,25,coffee,1
P17-cam01-P17_friedegg,194,friedegg,4
P17-cam01-P17_juice,91,juice,7
P17-cam01-P17_milk,81,milk,8
P17-cam01-P17_pancake,401,pancake,3
P17-cam01-P17_salat,253,salat,9
P17-cam01-P17_sandwich,51,sandwich,6
P17-cam01-P17_tea,48,tea,2
P17-webcam01-P17_cereals,42,cereals,0
P17-webcam01-P17_coffee,25,coffee,1
P17-webcam01-P17_friedegg,194,friedegg,4
P17-webcam01-P17_juice,91,juice,7
P17-webcam01-P17_milk,81,milk,8
P17-webcam01-P17_salat,253,salat,9
P17-webcam01-P17_scrambledegg,528,scrambledegg,5
P17-webcam01-P17_tea,48,tea,2
P17-stereo-P17_cereals_ch0,42,cereals,0
P17-stereo-P17_coffee_ch0,25,coffee,1
P17-stereo-P17_friedegg_ch0,194,friedegg,4
P17-stereo-P17_juice_ch0,91,juice,7
P17-stereo-P17_milk_ch0,81,milk,8
P17-stereo-P17_pancake_ch0,401,pancake,3
P17-stereo-P17_salat_ch0,253,salat,9
P17-stereo-P17_tea_ch0,48,tea,2
P17-webcam02-P17_cereals,42,cereals,0
P17-webcam02-P17_coffee,25,coffee,1
P17-webcam02-P17_friedegg,194,friedegg,4
P17-webcam02-P17_juice,91,juice,7
P17-webcam02-P17_milk,81,milk,8
P17-webcam02-P17_pancake,401,pancake,3
P17-webcam02-P17_salat,253,salat,9
P17-webcam02-P17_scrambledegg,528,scrambledegg,5
P17-webcam02-P17_tea,48,tea,2
P18-cam01-P18_cereals,31,cereals,0
P18-cam01-P18_coffee,24,coffee,1
P18-cam01-P18_friedegg,239,friedegg,4
P18-cam01-P18_juice,103,juice,7
P18-cam01-P18_milk,54,milk,8
P18-cam01-P18_pancake,521,pancake,3
P18-cam01-P18_sandwich,52,sandwich,6
P18-cam01-P18_scrambledegg,240,scrambledegg,5
P18-cam01-P18_tea,32,tea,2
P18-webcam01-P18_cereals,31,cereals,0
P18-webcam01-P18_coffee,24,coffee,1
P18-webcam01-P18_friedegg,239,friedegg,4
P18-webcam01-P18_juice,103,juice,7
P18-webcam01-P18_milk,54,milk,8
P18-webcam01-P18_pancake,521,pancake,3
P18-webcam01-P18_salat,263,salat,9
P18-webcam01-P18_sandwich,52,sandwich,6
P18-webcam01-P18_scrambledegg,240,scrambledegg,5
P18-webcam01-P18_tea,32,tea,2
P18-stereo-P18_cereals_ch0,31,cereals,0
P18-stereo-P18_coffee_ch0,24,coffee,1
P18-stereo-P18_milk_ch0,54,milk,8
P18-stereo-P18_tea_ch0,32,tea,2
P18-webcam02-P18_cereals,31,cereals,0
P18-webcam02-P18_coffee,24,coffee,1
P18-webcam02-P18_friedegg,239,friedegg,4
P18-webcam02-P18_juice,103,juice,7
P18-webcam02-P18_milk,54,milk,8
P18-webcam02-P18_pancake,521,pancake,3
P18-webcam02-P18_salat,263,salat,9
P18-webcam02-P18_sandwich,52,sandwich,6
P18-webcam02-P18_scrambledegg,240,scrambledegg,5
P18-webcam02-P18_tea,32,tea,2
P19-cam01-P19_cereals,32,cereals,0
P19-cam01-P19_coffee,65,coffee,1
P19-cam01-P19_friedegg,259,friedegg,4
P19-cam01-P19_juice,72,juice,7
P19-cam01-P19_milk,70,milk,8
P19-cam01-P19_pancake,264,pancake,3
P19-cam01-P19_salat,96,salat,9
P19-cam01-P19_sandwich,48,sandwich,6
P19-cam01-P19_tea,27,tea,2
P19-webcam01-P19_cereals,32,cereals,0
P19-webcam01-P19_coffee,65,coffee,1
P19-webcam01-P19_friedegg,259,friedegg,4
P19-webcam01-P19_juice,72,juice,7
P19-webcam01-P19_milk,70,milk,8
P19-webcam01-P19_pancake,264,pancake,3
P19-webcam01-P19_salat,96,salat,9
P19-webcam01-P19_sandwich,48,sandwich,6
P19-webcam01-P19_scrambledegg,81,scrambledegg,5
P19-webcam01-P19_tea,27,tea,2
P19-stereo-P19_cereals_ch0,32,cereals,0
P19-stereo-P19_milk_ch0,70,milk,8
P19-stereo-P19_sandwich_ch0,48,sandwich,6
P19-stereo-P19_tea_ch0,27,tea,2
P19-webcam02-P19_cereals,32,cereals,0
P19-webcam02-P19_friedegg,259,friedegg,4
P19-webcam02-P19_juice,72,juice,7
P19-webcam02-P19_milk,70,milk,8
P19-webcam02-P19_pancake,264,pancake,3
P19-webcam02-P19_salat,96,salat,9
P19-webcam02-P19_sandwich,48,sandwich,6
P19-webcam02-P19_scrambledegg,81,scrambledegg,5
P19-webcam02-P19_tea,27,tea,2
P20-cam01-P20_cereals,37,cereals,0
P20-cam01-P20_coffee,47,coffee,1
P20-cam01-P20_friedegg,235,friedegg,4
P20-cam01-P20_juice,62,juice,7
P20-cam01-P20_milk,68,milk,8
P20-cam01-P20_salat,102,salat,9
P20-cam01-P20_sandwich,74,sandwich,6
P20-cam01-P20_scrambledegg,261,scrambledegg,5
P20-cam01-P20_tea,36,tea,2
P20-webcam01-P20_cereals,37,cereals,0
P20-webcam01-P20_coffee,47,coffee,1
P20-webcam01-P20_friedegg,235,friedegg,4
P20-webcam01-P20_juice,62,juice,7
P20-webcam01-P20_milk,68,milk,8
P20-webcam01-P20_pancake,390,pancake,3
P20-webcam01-P20_salat,102,salat,9
P20-webcam01-P20_sandwich,74,sandwich,6
P20-webcam01-P20_scrambledegg,261,scrambledegg,5
P20-webcam01-P20_tea,36,tea,2
P20-cam02-P20_cereals,37,cereals,0
P20-cam02-P20_coffee,47,coffee,1
P20-cam02-P20_milk,68,milk,8
P20-cam02-P20_tea,36,tea,2
P20-stereo-P20_cereals_ch0,37,cereals,0
P20-stereo-P20_coffee_ch0,47,coffee,1
P20-stereo-P20_juice_ch0,62,juice,7
P20-stereo-P20_milk_ch0,68,milk,8
P20-stereo-P20_pancake_ch0,390,pancake,3
P20-stereo-P20_scrambledegg_ch0,261,scrambledegg,5
P20-stereo-P20_tea_ch0,36,tea,2
P20-webcam02-P20_coffee,47,coffee,1
P20-webcam02-P20_friedegg,235,friedegg,4
P20-webcam02-P20_juice,62,juice,7
P20-webcam02-P20_milk,68,milk,8
P20-webcam02-P20_pancake,390,pancake,3
P20-webcam02-P20_salat,102,salat,9
P20-webcam02-P20_sandwich,74,sandwich,6
P20-webcam02-P20_scrambledegg,261,scrambledegg,5
P20-webcam02-P20_tea,36,tea,2
P21-cam01-P21_cereals,85,cereals,0
P21-cam01-P21_coffee,21,coffee,1
P21-cam01-P21_friedegg,133,friedegg,4
P21-cam01-P21_juice,92,juice,7
P21-cam01-P21_milk,59,milk,8
P21-cam01-P21_pancake,390,pancake,3
P21-cam01-P21_salat,247,salat,9
P21-cam01-P21_sandwich,114,sandwich,6
P21-cam01-P21_scrambledegg,353,scrambledegg,5
P21-cam01-P21_tea,56,tea,2
P21-webcam01-P21_cereals,85,cereals,0
P21-webcam01-P21_coffee,21,coffee,1
P21-webcam01-P21_friedegg,133,friedegg,4
P21-webcam01-P21_juice,92,juice,7
P21-webcam01-P21_milk,59,milk,8
P21-webcam01-P21_pancake,390,pancake,3
P21-webcam01-P21_salat,247,salat,9
P21-webcam01-P21_sandwich,114,sandwich,6
P21-webcam01-P21_scrambledegg,353,scrambledegg,5
P21-webcam01-P21_tea,56,tea,2
P21-cam02-P21_cereals,85,cereals,0
P21-cam02-P21_coffee,21,coffee,1
P21-cam02-P21_friedegg,133,friedegg,4
P21-cam02-P21_milk,59,milk,8
P21-cam02-P21_tea,56,tea,2
P21-stereo-P21_coffee_ch0,21,coffee,1
P21-stereo-P21_friedegg_ch0,133,friedegg,4
P21-stereo-P21_milk_ch0,59,milk,8
P21-stereo-P21_sandwich_ch0,114,sandwich,6
P21-stereo-P21_tea_ch0,56,tea,2
P21-webcam02-P21_cereals,85,cereals,0
P21-webcam02-P21_coffee,21,coffee,1
P21-webcam02-P21_friedegg,133,friedegg,4
P21-webcam02-P21_juice,92,juice,7
P21-webcam02-P21_milk,59,milk,8
P21-webcam02-P21_pancake,390,pancake,3
P21-webcam02-P21_salat,247,salat,9
P21-webcam02-P21_sandwich,114,sandwich,6
P21-webcam02-P21_scrambledegg,353,scrambledegg,5
P21-webcam02-P21_tea,56,tea,2
P22-cam01-P22_cereals,61,cereals,0
P22-cam01-P22_coffee,20,coffee,1
P22-cam01-P22_friedegg,188,friedegg,4
P22-cam01-P22_juice,81,juice,7
P22-cam01-P22_milk,62,milk,8
P22-cam01-P22_pancake,320,pancake,3
P22-cam01-P22_salat,226,salat,9
P22-cam01-P22_sandwich,100,sandwich,6
P22-cam01-P22_scrambledegg,153,scrambledegg,5
P22-cam01-P22_tea,30,tea,2
P22-webcam01-P22_cereals,61,cereals,0
P22-webcam01-P22_coffee,20,coffee,1
P22-webcam01-P22_juice,81,juice,7
P22-webcam01-P22_milk,62,milk,8
P22-webcam01-P22_pancake,320,pancake,3
P22-webcam01-P22_salat,226,salat,9
P22-webcam01-P22_sandwich,100,sandwich,6
P22-webcam01-P22_scrambledegg,153,scrambledegg,5
P22-webcam01-P22_tea,30,tea,2
P22-cam02-P22_cereals,61,cereals,0
P22-cam02-P22_coffee,20,coffee,1
P22-cam02-P22_friedegg,188,friedegg,4
P22-cam02-P22_juice,81,juice,7
P22-cam02-P22_milk,62,milk,8
P22-cam02-P22_scrambledegg,153,scrambledegg,5
P22-cam02-P22_tea,30,tea,2
P22-stereo-P22_cereals_ch0,61,cereals,0
P22-stereo-P22_coffee_ch0,20,coffee,1
P22-stereo-P22_friedegg_ch0,188,friedegg,4
P22-stereo-P22_milk_ch0,62,milk,8
P22-stereo-P22_tea_ch0,30,tea,2
P22-webcam02-P22_cereals,61,cereals,0
P22-webcam02-P22_coffee,20,coffee,1
P22-webcam02-P22_friedegg,188,friedegg,4
P22-webcam02-P22_juice,81,juice,7
P22-webcam02-P22_milk,62,milk,8
P22-webcam02-P22_pancake,320,pancake,3
P22-webcam02-P22_salat,226,salat,9
P22-webcam02-P22_sandwich,100,sandwich,6
P22-webcam02-P22_scrambledegg,153,scrambledegg,5
P22-webcam02-P22_tea,30,tea,2
P23-cam01-P23_cereals,70,cereals,0
P23-cam01-P23_coffee,54,coffee,1
P23-cam01-P23_juice,115,juice,7
P23-cam01-P23_milk,84,milk,8
P23-cam01-P23_pancake,304,pancake,3
P23-cam01-P23_salat,210,salat,9
P23-cam01-P23_sandwich,100,sandwich,6
P23-cam01-P23_tea,48,tea,2
P23-webcam01-P23_cereals,70,cereals,0
P23-webcam01-P23_coffee,54,coffee,1
P23-webcam01-P23_friedegg,168,friedegg,4
P23-webcam01-P23_juice,115,juice,7
P23-webcam01-P23_milk,84,milk,8
P23-webcam01-P23_pancake,304,pancake,3
P23-webcam01-P23_salat,210,salat,9
P23-webcam01-P23_sandwich,100,sandwich,6
P23-webcam01-P23_scrambledegg,164,scrambledegg,5
P23-webcam01-P23_tea,48,tea,2
P23-cam02-P23_cereals,70,cereals,0
P23-cam02-P23_coffee,54,coffee,1
P23-cam02-P23_friedegg,168,friedegg,4
P23-cam02-P23_juice,115,juice,7
P23-cam02-P23_milk,84,milk,8
P23-cam02-P23_pancake,304,pancake,3
P23-cam02-P23_sandwich,100,sandwich,6
P23-cam02-P23_scrambledegg,164,scrambledegg,5
P23-cam02-P23_tea,48,tea,2
P23-stereo-P23_cereals_ch0,70,cereals,0
P23-stereo-P23_coffee_ch0,54,coffee,1
P23-stereo-P23_friedegg_ch0,168,friedegg,4
P23-stereo-P23_juice_ch0,115,juice,7
P23-stereo-P23_milk_ch0,84,milk,8
P23-stereo-P23_sandwich_ch0,100,sandwich,6
P23-stereo-P23_tea_ch0,48,tea,2
P23-webcam02-P23_cereals,70,cereals,0
P23-webcam02-P23_coffee,54,coffee,1
P23-webcam02-P23_friedegg,168,friedegg,4
P23-webcam02-P23_juice,115,juice,7
P23-webcam02-P23_milk,84,milk,8
P23-webcam02-P23_pancake,304,pancake,3
P23-webcam02-P23_salat,210,salat,9
P23-webcam02-P23_sandwich,100,sandwich,6
P23-webcam02-P23_scrambledegg,164,scrambledegg,5
P23-webcam02-P23_tea,48,tea,2
P24-cam01-P24_cereals,61,cereals,0
P24-cam01-P24_coffee,31,coffee,1
P24-cam01-P24_friedegg,221,friedegg,4
P24-cam01-P24_juice,103,juice,7
P24-cam01-P24_milk,94,milk,8
P24-cam01-P24_pancake,560,pancake,3
P24-cam01-P24_salat,202,salat,9
P24-cam01-P24_sandwich,150,sandwich,6
P24-cam01-P24_scrambledegg,315,scrambledegg,5
P24-cam01-P24_tea,50,tea,2
P24-webcam01-P24_cereals,61,cereals,0
P24-webcam01-P24_coffee,31,coffee,1
P24-webcam01-P24_friedegg,221,friedegg,4
P24-webcam01-P24_juice,103,juice,7
P24-webcam01-P24_milk,94,milk,8
P24-webcam01-P24_pancake,560,pancake,3
P24-webcam01-P24_salat,202,salat,9
P24-webcam01-P24_sandwich,150,sandwich,6
P24-webcam01-P24_scrambledegg,315,scrambledegg,5
P24-webcam01-P24_tea,50,tea,2
P24-cam02-P24_cereals,61,cereals,0
P24-cam02-P24_coffee,31,coffee,1
P24-cam02-P24_friedegg,221,friedegg,4
P24-cam02-P24_juice,103,juice,7
P24-cam02-P24_milk,94,milk,8
P24-cam02-P24_pancake,560,pancake,3
P24-cam02-P24_salat,202,salat,9
P24-cam02-P24_sandwich,150,sandwich,6
P24-stereo-P24_coffee_ch0,31,coffee,1
P24-stereo-P24_friedegg_ch0,221,friedegg,4
P24-stereo-P24_salat_ch0,202,salat,9
P24-stereo-P24_sandwich_ch0,150,sandwich,6
P24-webcam02-P24_cereals,61,cereals,0
P24-webcam02-P24_coffee,31,coffee,1
P24-webcam02-P24_friedegg,221,friedegg,4
P24-webcam02-P24_juice,103,juice,7
P24-webcam02-P24_milk,94,milk,8
P24-webcam02-P24_pancake,560,pancake,3
P24-webcam02-P24_salat,202,salat,9
P24-webcam02-P24_sandwich,150,sandwich,6
P24-webcam02-P24_scrambledegg,315,scrambledegg,5
P24-webcam02-P24_tea,50,tea,2
P25-cam01-P25_cereals,53,cereals,0
P25-cam01-P25_coffee,13,coffee,1
P25-cam01-P25_friedegg,160,friedegg,4
P25-cam01-P25_juice,41,juice,7
P25-cam01-P25_milk,101,milk,8
P25-cam01-P25_salat,182,salat,9
P25-cam01-P25_sandwich,128,sandwich,6
P25-cam01-P25_scrambledegg,171,scrambledegg,5
P25-cam01-P25_tea,78,tea,2
P25-cam02-P25_cereals,53,cereals,0
P25-cam02-P25_coffee,13,coffee,1
P25-cam02-P25_friedegg,160,friedegg,4
P25-cam02-P25_juice,41,juice,7
P25-cam02-P25_milk,101,milk,8
P25-cam02-P25_pancake,349,pancake,3
P25-cam02-P25_salat,182,salat,9
P25-cam02-P25_sandwich,128,sandwich,6
P25-cam02-P25_scrambledegg,171,scrambledegg,5
P25-cam02-P25_tea,78,tea,2
P25-stereo-P25_juice_ch0,41,juice,7
P25-stereo-P25_salat_ch0,182,salat,9
P25-stereo-P25_sandwich_ch0,128,sandwich,6
P25-stereo-P25_tea_ch0,78,tea,2
P25-webcam02-P25_cereals,53,cereals,0
P25-webcam02-P25_coffee,13,coffee,1
P25-webcam02-P25_friedegg,160,friedegg,4
P25-webcam02-P25_juice,41,juice,7
P25-webcam02-P25_milk,101,milk,8
P25-webcam02-P25_pancake,349,pancake,3
P25-webcam02-P25_salat,182,salat,9
P25-webcam02-P25_sandwich,128,sandwich,6
P25-webcam02-P25_scrambledegg,171,scrambledegg,5
P25-webcam02-P25_tea,78,tea,2
P26-cam01-P26_cereals,44,cereals,0
P26-cam01-P26_coffee,35,coffee,1
P26-cam01-P26_juice,88,juice,7
P26-cam01-P26_milk,82,milk,8
P26-cam01-P26_pancake,466,pancake,3
P26-cam01-P26_salat,246,salat,9
P26-cam01-P26_sandwich,125,sandwich,6
P26-cam01-P26_scrambledegg,227,scrambledegg,5
P26-cam02-P26_cereals,44,cereals,0
P26-cam02-P26_coffee,35,coffee,1
P26-cam02-P26_friedegg,210,friedegg,4
P26-cam02-P26_juice,88,juice,7
P26-cam02-P26_milk,82,milk,8
P26-cam02-P26_pancake,466,pancake,3
P26-cam02-P26_salat,246,salat,9
P26-cam02-P26_sandwich,125,sandwich,6
P26-cam02-P26_scrambledegg,227,scrambledegg,5
P26-stereo-P26_cereals_ch0,44,cereals,0
P26-stereo-P26_coffee_ch0,35,coffee,1
P26-stereo-P26_juice_ch0,88,juice,7
P26-stereo-P26_pancake_ch0,466,pancake,3
P26-webcam02-P26_cereals,44,cereals,0
P26-webcam02-P26_coffee,35,coffee,1
P26-webcam02-P26_friedegg,210,friedegg,4
P26-webcam02-P26_juice,88,juice,7
P26-webcam02-P26_milk,82,milk,8
P26-webcam02-P26_pancake,466,pancake,3
P26-webcam02-P26_salat,246,salat,9
P26-webcam02-P26_sandwich,125,sandwich,6
P26-webcam02-P26_scrambledegg,227,scrambledegg,5
P26-webcam02-P26_tea,60,tea,2
P27-cam01-P27_cereals,66,cereals,0
P27-cam01-P27_coffee,61,coffee,1
P27-cam01-P27_friedegg,188,friedegg,4
P27-cam01-P27_juice,151,juice,7
P27-cam01-P27_milk,65,milk,8
P27-cam01-P27_pancake,457,pancake,3
P27-cam01-P27_salat,326,salat,9
P27-cam01-P27_sandwich,122,sandwich,6
P27-cam01-P27_scrambledegg,238,scrambledegg,5
P27-cam01-P27_tea,64,tea,2
P27-cam02-P27_cereals,66,cereals,0
P27-cam02-P27_coffee,61,coffee,1
P27-cam02-P27_friedegg,188,friedegg,4
P27-cam02-P27_juice,151,juice,7
P27-cam02-P27_milk,65,milk,8
P27-cam02-P27_pancake,457,pancake,3
P27-cam02-P27_salat,326,salat,9
P27-cam02-P27_sandwich,122,sandwich,6
P27-cam02-P27_scrambledegg,238,scrambledegg,5
P27-cam02-P27_tea,64,tea,2
P27-stereo-P27_coffee_ch0,61,coffee,1
P27-stereo-P27_friedegg_ch0,188,friedegg,4
P27-stereo-P27_milk_ch0,65,milk,8
P27-stereo-P27_pancake_ch0,457,pancake,3
P27-stereo-P27_scrambledegg_ch0,238,scrambledegg,5
P27-webcam02-P27_cereals,66,cereals,0
P27-webcam02-P27_coffee,61,coffee,1
P27-webcam02-P27_friedegg,188,friedegg,4
P27-webcam02-P27_juice,151,juice,7
P27-webcam02-P27_milk,65,milk,8
P27-webcam02-P27_pancake,457,pancake,3
P27-webcam02-P27_salat,326,salat,9
P27-webcam02-P27_sandwich,122,sandwich,6
P27-webcam02-P27_scrambledegg,238,scrambledegg,5
P27-webcam02-P27_tea,64,tea,2
P28-cam01-P28_cereals,26,cereals,0
P28-cam01-P28_juice,143,juice,7
P28-cam01-P28_salat,285,salat,9
P28-cam01-P28_sandwich,186,sandwich,6
P28-cam02-P28_cereals,26,cereals,0
P28-cam02-P28_juice,143,juice,7
P28-cam02-P28_salat,285,salat,9
P28-cam02-P28_sandwich,186,sandwich,6
P28-stereo-P28_cereals_ch0,26,cereals,0
P28-stereo-P28_salat_ch0,285,salat,9
P29-cam01-P29_cereals,30,cereals,0
P29-cam01-P29_coffee,40,coffee,1
P29-cam01-P29_friedegg,249,friedegg,4
P29-cam01-P29_juice,94,juice,7
P29-cam01-P29_milk,42,milk,8
P29-cam01-P29_pancake,481,pancake,3
P29-cam01-P29_salat,182,salat,9
P29-cam01-P29_sandwich,144,sandwich,6
P29-cam01-P29_scrambledegg,197,scrambledegg,5
P29-cam01-P29_tea,43,tea,2
P29-cam02-P29_cereals,30,cereals,0
P29-cam02-P29_coffee,40,coffee,1
P29-cam02-P29_friedegg,249,friedegg,4
P29-cam02-P29_juice,94,juice,7
P29-cam02-P29_milk,42,milk,8
P29-cam02-P29_pancake,481,pancake,3
P29-cam02-P29_salat,182,salat,9
P29-cam02-P29_sandwich,144,sandwich,6
P29-cam02-P29_scrambledegg,197,scrambledegg,5
P29-cam02-P29_tea,43,tea,2
P29-stereo-P29_coffee_ch0,40,coffee,1
P29-stereo-P29_pancake_ch0,481,pancake,3
P29-stereo-P29_sandwich_ch0,144,sandwich,6
P29-stereo-P29_scrambledegg_ch0,197,scrambledegg,5
P29-stereo-P29_tea_ch0,43,tea,2
P30-cam01-P30_coffee,32,coffee,1
P30-cam01-P30_juice,78,juice,7
P30-cam01-P30_milk,43,milk,8
P30-cam01-P30_pancake,455,pancake,3
P30-cam01-P30_salat,122,salat,9
P30-cam01-P30_scrambledegg,190,scrambledegg,5
P30-cam01-P30_tea,25,tea,2
P30-cam02-P30_cereals,39,cereals,0
P30-cam02-P30_coffee,32,coffee,1
P30-cam02-P30_friedegg,185,friedegg,4
P30-cam02-P30_juice,78,juice,7
P30-cam02-P30_milk,43,milk,8
P30-cam02-P30_pancake,455,pancake,3
P30-cam02-P30_salat,122,salat,9
P30-cam02-P30_sandwich,109,sandwich,6
P30-cam02-P30_scrambledegg,190,scrambledegg,5
P30-cam02-P30_tea,25,tea,2
P30-stereo-P30_coffee_ch0,32,coffee,1
P30-stereo-P30_friedegg_ch0,185,friedegg,4
P30-stereo-P30_milk_ch0,43,milk,8
P30-stereo-P30_sandwich_ch0,109,sandwich,6
P30-stereo-P30_scrambledegg_ch0,190,scrambledegg,5
P30-stereo-P30_tea_ch0,25,tea,2
P31-cam01-P31_cereals,96,cereals,0
P31-cam01-P31_coffee,46,coffee,1
P31-cam01-P31_friedegg,451,friedegg,4
P31-cam01-P31_juice,161,juice,7
P31-cam01-P31_milk,169,milk,8
P31-cam01-P31_pancake,601,pancake,3
P31-cam01-P31_salat,380,salat,9
P31-cam01-P31_sandwich,238,sandwich,6
P31-cam01-P31_scrambledegg,312,scrambledegg,5
P31-cam01-P31_tea,84,tea,2
P31-cam02-P31_cereals,96,cereals,0
P31-cam02-P31_coffee,46,coffee,1
P31-cam02-P31_friedegg,451,friedegg,4
P31-cam02-P31_juice,161,juice,7
P31-cam02-P31_milk,169,milk,8
P31-cam02-P31_pancake,601,pancake,3
P31-cam02-P31_salat,380,salat,9
P31-cam02-P31_sandwich,238,sandwich,6
P31-cam02-P31_scrambledegg,312,scrambledegg,5
P31-cam02-P31_tea,84,tea,2
P31-stereo-P31_coffee_ch0,46,coffee,1
P31-stereo-P31_milk_ch0,169,milk,8
P31-stereo-P31_tea_ch0,84,tea,2
P32-cam01-P32_cereals,27,cereals,0
P32-cam01-P32_coffee,28,coffee,1
P32-cam01-P32_friedegg,260,friedegg,4
P32-cam01-P32_juice,86,juice,7
P32-cam01-P32_milk,44,milk,8
P32-cam01-P32_pancake,453,pancake,3
P32-cam01-P32_salat,242,salat,9
P32-cam01-P32_sandwich,73,sandwich,6
P32-cam01-P32_scrambledegg,191,scrambledegg,5
P32-cam01-P32_tea,33,tea,2
P32-cam02-P32_cereals,27,cereals,0
P32-cam02-P32_coffee,28,coffee,1
P32-cam02-P32_friedegg,260,friedegg,4
P32-cam02-P32_juice,86,juice,7
P32-cam02-P32_milk,44,milk,8
P32-cam02-P32_pancake,453,pancake,3
P32-cam02-P32_salat,242,salat,9
P32-cam02-P32_sandwich,73,sandwich,6
P32-cam02-P32_scrambledegg,191,scrambledegg,5
P32-cam02-P32_tea,33,tea,2
P32-stereo-P32_cereals_ch0,27,cereals,0
P32-stereo-P32_coffee_ch0,28,coffee,1
P32-stereo-P32_milk_ch0,44,milk,8
P32-stereo-P32_sandwich_ch0,73,sandwich,6
P32-stereo-P32_tea_ch0,33,tea,2
P33-cam01-P33_cereals,25,cereals,0
P33-cam01-P33_coffee,42,coffee,1
P33-cam01-P33_friedegg,180,friedegg,4
P33-cam01-P33_juice,72,juice,7
P33-cam01-P33_milk,48,milk,8
P33-cam01-P33_pancake,226,pancake,3
P33-cam01-P33_salat,304,salat,9
P33-cam01-P33_sandwich,103,sandwich,6
P33-cam01-P33_scrambledegg,223,scrambledegg,5
P33-cam01-P33_tea,40,tea,2
P33-cam02-P33_cereals,25,cereals,0
P33-cam02-P33_coffee,42,coffee,1
P33-cam02-P33_friedegg,180,friedegg,4
P33-cam02-P33_juice,72,juice,7
P33-cam02-P33_milk,48,milk,8
P33-cam02-P33_pancake,226,pancake,3
P33-cam02-P33_salat,304,salat,9
P33-cam02-P33_sandwich,103,sandwich,6
P33-cam02-P33_scrambledegg,223,scrambledegg,5
P33-cam02-P33_tea,40,tea,2
P33-stereo-P33_cereals_ch0,25,cereals,0
P33-stereo-P33_milk_ch0,48,milk,8
P33-stereo-P33_sandwich_ch0,103,sandwich,6
P33-stereo-P33_tea_ch0,40,tea,2
P34-cam01-P34_cereals,51,cereals,0
P34-cam01-P34_coffee,42,coffee,1
P34-cam01-P34_friedegg,181,friedegg,4
P34-cam01-P34_juice,63,juice,7
P34-cam01-P34_milk,78,milk,8
P34-cam01-P34_sandwich,74,sandwich,6
P34-cam01-P34_scrambledegg,297,scrambledegg,5
P34-cam01-P34_tea,55,tea,2
P34-cam02-P34_friedegg,181,friedegg,4
P34-stereo-P34_cereals_ch0,51,cereals,0
P34-stereo-P34_friedegg_ch0,181,friedegg,4
P34-stereo-P34_juice_ch0,63,juice,7
P34-stereo-P34_milk_ch0,78,milk,8
P34-stereo-P34_salat_ch0,150,salat,9
P34-stereo-P34_sandwich_ch0,74,sandwich,6
P34-stereo-P34_scrambledegg_ch0,297,scrambledegg,5
P34-stereo-P34_tea_ch0,55,tea,2
P34-webcam02-P34_cereals,51,cereals,0
P34-webcam02-P34_coffee,42,coffee,1
P34-webcam02-P34_juice,63,juice,7
P34-webcam02-P34_milk,78,milk,8
P34-webcam02-P34_salat,150,salat,9
P34-webcam02-P34_sandwich,74,sandwich,6
P34-webcam02-P34_scrambledegg,297,scrambledegg,5
P34-webcam02-P34_tea,55,tea,2
P35-cam01-P35_cereals,38,cereals,0
P35-cam01-P35_coffee,30,coffee,1
P35-cam01-P35_friedegg,179,friedegg,4
P35-cam01-P35_juice,81,juice,7
P35-cam01-P35_milk,39,milk,8
P35-cam01-P35_pancake,234,pancake,3
P35-cam01-P35_salat,108,salat,9
P35-cam01-P35_sandwich,72,sandwich,6
P35-cam01-P35_scrambledegg,140,scrambledegg,5
P35-cam01-P35_tea,34,tea,2
P35-cam02-P35_cereals,38,cereals,0
P35-cam02-P35_coffee,30,coffee,1
P35-cam02-P35_tea,34,tea,2
P35-stereo-P35_cereals_ch0,38,cereals,0
P35-stereo-P35_coffee_ch0,30,coffee,1
P35-stereo-P35_friedegg_ch0,179,friedegg,4
P35-stereo-P35_juice_ch0,81,juice,7
P35-stereo-P35_milk_ch0,39,milk,8
P35-stereo-P35_salat_ch0,108,salat,9
P35-stereo-P35_sandwich_ch0,72,sandwich,6
P35-stereo-P35_scrambledegg_ch0,140,scrambledegg,5
P35-stereo-P35_tea_ch0,34,tea,2
P35-webcam02-P35_cereals,38,cereals,0
P35-webcam02-P35_coffee,30,coffee,1
P35-webcam02-P35_friedegg,179,friedegg,4
P35-webcam02-P35_juice,81,juice,7
P35-webcam02-P35_milk,39,milk,8
P35-webcam02-P35_pancake,234,pancake,3
P35-webcam02-P35_salat,108,salat,9
P35-webcam02-P35_sandwich,72,sandwich,6
P35-webcam02-P35_scrambledegg,140,scrambledegg,5
P35-webcam02-P35_tea,34,tea,2
P36-cam01-P36_cereals,35,cereals,0
P36-cam01-P36_friedegg,265,friedegg,4
P36-cam01-P36_juice,114,juice,7
P36-cam01-P36_milk,59,milk,8
P36-cam01-P36_pancake,471,pancake,3
P36-cam01-P36_salat,354,salat,9
P36-cam01-P36_sandwich,105,sandwich,6
P36-cam01-P36_scrambledegg,150,scrambledegg,5
P36-cam01-P36_tea,32,tea,2
P36-webcam01-P36_cereals,35,cereals,0
P36-webcam01-P36_friedegg,265,friedegg,4
P36-webcam01-P36_juice,114,juice,7
P36-webcam01-P36_milk,59,milk,8
P36-webcam01-P36_pancake,471,pancake,3
P36-webcam01-P36_salat,354,salat,9
P36-webcam01-P36_sandwich,105,sandwich,6
P36-webcam01-P36_scrambledegg,150,scrambledegg,5
P36-webcam01-P36_tea,32,tea,2
P36-stereo-P36_cereals_ch0,35,cereals,0
P36-stereo-P36_coffee_ch0,78,coffee,1
P36-stereo-P36_friedegg_ch0,265,friedegg,4
P36-stereo-P36_juice_ch0,114,juice,7
P36-stereo-P36_milk_ch0,59,milk,8
P36-stereo-P36_pancake_ch0,471,pancake,3
P36-stereo-P36_salat_ch0,354,salat,9
P36-stereo-P36_sandwich_ch0,105,sandwich,6
P36-stereo-P36_scrambledegg_ch0,150,scrambledegg,5
P36-stereo-P36_tea_ch0,32,tea,2
P36-webcam02-P36_cereals,35,cereals,0
P36-webcam02-P36_friedegg,265,friedegg,4
P36-webcam02-P36_juice,114,juice,7
P36-webcam02-P36_milk,59,milk,8
P36-webcam02-P36_pancake,471,pancake,3
P36-webcam02-P36_salat,354,salat,9
P36-webcam02-P36_sandwich,105,sandwich,6
P36-webcam02-P36_scrambledegg,150,scrambledegg,5
P36-webcam02-P36_tea,32,tea,2
P37-cam01-P37_cereals,49,cereals,0
P37-cam01-P37_coffee,69,coffee,1
P37-cam01-P37_friedegg,162,friedegg,4
P37-cam01-P37_juice,109,juice,7
P37-cam01-P37_milk,63,milk,8
P37-cam01-P37_pancake,297,pancake,3
P37-cam01-P37_salat,233,salat,9
P37-cam01-P37_sandwich,87,sandwich,6
P37-cam01-P37_scrambledegg,91,scrambledegg,5
P37-cam01-P37_tea,25,tea,2
P37-webcam01-P37_cereals,49,cereals,0
P37-webcam01-P37_coffee,69,coffee,1
P37-webcam01-P37_friedegg,162,friedegg,4
P37-webcam01-P37_juice,109,juice,7
P37-webcam01-P37_milk,63,milk,8
P37-webcam01-P37_pancake,297,pancake,3
P37-webcam01-P37_salat,233,salat,9
P37-webcam01-P37_sandwich,87,sandwich,6
P37-webcam01-P37_scrambledegg,91,scrambledegg,5
P37-webcam01-P37_tea,25,tea,2
P37-stereo-P37_cereals_ch0,49,cereals,0
P37-stereo-P37_coffee_ch0,69,coffee,1
P37-stereo-P37_friedegg_ch0,162,friedegg,4
P37-stereo-P37_juice_ch0,109,juice,7
P37-stereo-P37_milk_ch0,63,milk,8
P37-stereo-P37_pancake_ch0,297,pancake,3
P37-stereo-P37_salat_ch0,233,salat,9
P37-stereo-P37_sandwich_ch0,87,sandwich,6
P37-stereo-P37_scrambledegg_ch0,91,scrambledegg,5
P37-stereo-P37_tea_ch0,25,tea,2
P37-webcam02-P37_cereals,49,cereals,0
P37-webcam02-P37_coffee,69,coffee,1
P37-webcam02-P37_friedegg,162,friedegg,4
P37-webcam02-P37_juice,109,juice,7
P37-webcam02-P37_milk,63,milk,8
P37-webcam02-P37_pancake,297,pancake,3
P37-webcam02-P37_salat,233,salat,9
P37-webcam02-P37_sandwich,87,sandwich,6
P37-webcam02-P37_scrambledegg,91,scrambledegg,5
P37-webcam02-P37_tea,25,tea,2
P38-cam01-P38_cereals,45,cereals,0
P38-cam01-P38_coffee,52,coffee,1
P38-cam01-P38_friedegg,204,friedegg,4
P38-cam01-P38_juice,98,juice,7
P38-cam01-P38_milk,72,milk,8
P38-cam01-P38_pancake,500,pancake,3
P38-cam01-P38_salat,177,salat,9
P38-cam01-P38_sandwich,74,sandwich,6
P38-cam01-P38_scrambledegg,231,scrambledegg,5
P38-cam01-P38_tea,30,tea,2
P38-webcam01-P38_cereals,45,cereals,0
P38-webcam01-P38_coffee,52,coffee,1
P38-webcam01-P38_friedegg,204,friedegg,4
P38-webcam01-P38_juice,98,juice,7
P38-webcam01-P38_milk,72,milk,8
P38-webcam01-P38_pancake,500,pancake,3
P38-webcam01-P38_salat,177,salat,9
P38-webcam01-P38_sandwich,74,sandwich,6
P38-webcam01-P38_scrambledegg,231,scrambledegg,5
P38-webcam01-P38_tea,30,tea,2
P38-stereo-P38_cereals_ch0,45,cereals,0
P38-stereo-P38_coffee_ch0,52,coffee,1
P38-stereo-P38_friedegg_ch0,204,friedegg,4
P38-stereo-P38_juice_ch0,98,juice,7
P38-stereo-P38_milk_ch0,72,milk,8
P38-stereo-P38_pancake_ch0,500,pancake,3
P38-stereo-P38_salat_ch0,177,salat,9
P38-stereo-P38_sandwich_ch0,74,sandwich,6
P38-stereo-P38_scrambledegg_ch0,231,scrambledegg,5
P38-stereo-P38_tea_ch0,30,tea,2
P38-webcam02-P38_cereals,45,cereals,0
P38-webcam02-P38_coffee,52,coffee,1
P38-webcam02-P38_friedegg,204,friedegg,4
P38-webcam02-P38_juice,98,juice,7
P38-webcam02-P38_milk,72,milk,8
P38-webcam02-P38_pancake,500,pancake,3
P38-webcam02-P38_salat,177,salat,9
P38-webcam02-P38_sandwich,74,sandwich,6
P38-webcam02-P38_scrambledegg,231,scrambledegg,5
P38-webcam02-P38_tea,30,tea,2
P39-cam01-P39_cereals,47,cereals,0
P39-cam01-P39_friedegg,193,friedegg,4
P39-cam01-P39_milk,64,milk,8
P39-cam01-P39_pancake,600,pancake,3
P39-cam01-P39_salat,178,salat,9
P39-cam01-P39_sandwich,102,sandwich,6
P39-cam01-P39_scrambledegg,294,scrambledegg,5
P39-cam01-P39_tea,87,tea,2
P39-webcam01-P39_cereals,47,cereals,0
P39-webcam01-P39_friedegg,193,friedegg,4
P39-webcam01-P39_pancake,600,pancake,3
P39-webcam01-P39_salat,178,salat,9
P39-webcam01-P39_sandwich,102,sandwich,6
P39-webcam01-P39_scrambledegg,294,scrambledegg,5
P39-cam02-P39_cereals,47,cereals,0
P39-cam02-P39_friedegg,193,friedegg,4
P39-cam02-P39_juice,121,juice,7
P39-cam02-P39_milk,64,milk,8
P39-cam02-P39_pancake,600,pancake,3
P39-cam02-P39_salat,178,salat,9
P39-cam02-P39_sandwich,102,sandwich,6
P39-cam02-P39_scrambledegg,294,scrambledegg,5
P39-cam02-P39_tea,87,tea,2
P39-stereo-P39_cereals_ch0,47,cereals,0
P39-stereo-P39_coffee_ch0,43,coffee,1
P39-stereo-P39_friedegg_ch0,193,friedegg,4
P39-stereo-P39_juice_ch0,121,juice,7
P39-stereo-P39_milk_ch0,64,milk,8
P39-stereo-P39_pancake_ch0,600,pancake,3
P39-stereo-P39_salat_ch0,178,salat,9
P39-stereo-P39_sandwich_ch0,102,sandwich,6
P39-stereo-P39_scrambledegg_ch0,294,scrambledegg,5
P39-stereo-P39_tea_ch0,87,tea,2
P39-webcam02-P39_cereals,47,cereals,0
P39-webcam02-P39_coffee,43,coffee,1
P39-webcam02-P39_friedegg,193,friedegg,4
P39-webcam02-P39_juice,121,juice,7
P39-webcam02-P39_milk,64,milk,8
P39-webcam02-P39_pancake,600,pancake,3
P39-webcam02-P39_salat,178,salat,9
P39-webcam02-P39_sandwich,102,sandwich,6
P39-webcam02-P39_scrambledegg,294,scrambledegg,5
P39-webcam02-P39_tea,87,tea,2
P40-cam01-P40_cereals,34,cereals,0
P40-cam01-P40_friedegg,158,friedegg,4
P40-cam01-P40_juice,67,juice,7
P40-cam01-P40_milk,49,milk,8
P40-cam01-P40_pancake,221,pancake,3
P40-cam01-P40_salat,147,salat,9
P40-cam01-P40_sandwich,97,sandwich,6
P40-cam01-P40_scrambledegg,124,scrambledegg,5
P40-webcam01-P40_cereals,34,cereals,0
P40-webcam01-P40_coffee,29,coffee,1
P40-webcam01-P40_friedegg,158,friedegg,4
P40-webcam01-P40_juice,67,juice,7
P40-webcam01-P40_milk,49,milk,8
P40-webcam01-P40_pancake,221,pancake,3
P40-webcam01-P40_salat,147,salat,9
P40-webcam01-P40_sandwich,97,sandwich,6
P40-webcam01-P40_scrambledegg,124,scrambledegg,5
P40-webcam01-P40_tea,75,tea,2
P40-cam02-P40_cereals,34,cereals,0
P40-cam02-P40_coffee,29,coffee,1
P40-cam02-P40_friedegg,158,friedegg,4
P40-cam02-P40_juice,67,juice,7
P40-cam02-P40_milk,49,milk,8
P40-cam02-P40_pancake,221,pancake,3
P40-cam02-P40_salat,147,salat,9
P40-cam02-P40_sandwich,97,sandwich,6
P40-cam02-P40_scrambledegg,124,scrambledegg,5
P40-cam02-P40_tea,75,tea,2
P40-stereo-P40_cereals_ch0,34,cereals,0
P40-stereo-P40_coffee_ch0,29,coffee,1
P40-stereo-P40_friedegg_ch0,158,friedegg,4
P40-stereo-P40_juice_ch0,67,juice,7
P40-stereo-P40_milk_ch0,49,milk,8
P40-stereo-P40_sandwich_ch0,97,sandwich,6
P40-stereo-P40_scrambledegg_ch0,124,scrambledegg,5
P40-stereo-P40_tea_ch0,75,tea,2
P40-webcam02-P40_cereals,34,cereals,0
P40-webcam02-P40_coffee,29,coffee,1
P40-webcam02-P40_friedegg,158,friedegg,4
P40-webcam02-P40_juice,67,juice,7
P40-webcam02-P40_milk,49,milk,8
P40-webcam02-P40_pancake,221,pancake,3
P40-webcam02-P40_salat,147,salat,9
P40-webcam02-P40_sandwich,97,sandwich,6
P40-webcam02-P40_scrambledegg,124,scrambledegg,5
P40-webcam02-P40_tea,75,tea,2
P41-cam01-P41_cereals,59,cereals,0
P41-cam01-P41_coffee,59,coffee,1
P41-cam01-P41_friedegg,207,friedegg,4
P41-cam01-P41_juice,106,juice,7
P41-cam01-P41_milk,49,milk,8
P41-cam01-P41_pancake,333,pancake,3
P41-cam01-P41_salat,215,salat,9
P41-cam01-P41_sandwich,78,sandwich,6
P41-cam01-P41_scrambledegg,202,scrambledegg,5
P41-cam01-P41_tea,83,tea,2
P41-webcam01-P41_cereals,59,cereals,0
P41-webcam01-P41_coffee,59,coffee,1
P41-webcam01-P41_friedegg,207,friedegg,4
P41-webcam01-P41_juice,106,juice,7
P41-webcam01-P41_milk,49,milk,8
P41-webcam01-P41_pancake,333,pancake,3
P41-webcam01-P41_salat,215,salat,9
P41-webcam01-P41_sandwich,78,sandwich,6
P41-webcam01-P41_scrambledegg,202,scrambledegg,5
P41-webcam01-P41_tea,83,tea,2
P41-cam02-P41_cereals,59,cereals,0
P41-cam02-P41_coffee,59,coffee,1
P41-cam02-P41_friedegg,207,friedegg,4
P41-cam02-P41_juice,106,juice,7
P41-cam02-P41_milk,49,milk,8
P41-cam02-P41_pancake,333,pancake,3
P41-cam02-P41_salat,215,salat,9
P41-cam02-P41_sandwich,78,sandwich,6
P41-cam02-P41_scrambledegg,202,scrambledegg,5
P41-cam02-P41_tea,83,tea,2
P41-stereo-P41_cereals_ch0,59,cereals,0
P41-stereo-P41_coffee_ch0,59,coffee,1
P41-stereo-P41_friedegg_ch0,207,friedegg,4
P41-stereo-P41_juice_ch0,106,juice,7
P41-stereo-P41_milk_ch0,49,milk,8
P41-stereo-P41_pancake_ch0,333,pancake,3
P41-stereo-P41_salat_ch0,215,salat,9
P41-stereo-P41_sandwich_ch0,78,sandwich,6
P41-stereo-P41_scrambledegg_ch0,202,scrambledegg,5
P41-stereo-P41_tea_ch0,83,tea,2
P41-webcam02-P41_cereals,59,cereals,0
P41-webcam02-P41_coffee,59,coffee,1
P41-webcam02-P41_friedegg,207,friedegg,4
P41-webcam02-P41_juice,106,juice,7
P41-webcam02-P41_milk,49,milk,8
P41-webcam02-P41_pancake,333,pancake,3
P41-webcam02-P41_salat,215,salat,9
P41-webcam02-P41_sandwich,78,sandwich,6
P41-webcam02-P41_scrambledegg,202,scrambledegg,5
P41-webcam02-P41_tea,83,tea,2
P42-cam01-P42_cereals,31,cereals,0
P42-cam01-P42_coffee,63,coffee,1
P42-cam01-P42_friedegg,202,friedegg,4
P42-cam01-P42_juice,102,juice,7
P42-cam01-P42_milk,83,milk,8
P42-cam01-P42_pancake,650,pancake,3
P42-cam01-P42_salat,241,salat,9
P42-cam01-P42_sandwich,92,sandwich,6
P42-cam01-P42_scrambledegg,197,scrambledegg,5
P42-cam01-P42_tea,67,tea,2
P42-webcam01-P42_cereals,31,cereals,0
P42-webcam01-P42_coffee,63,coffee,1
P42-webcam01-P42_friedegg,202,friedegg,4
P42-webcam01-P42_juice,102,juice,7
P42-webcam01-P42_milk,83,milk,8
P42-webcam01-P42_pancake,650,pancake,3
P42-webcam01-P42_salat,241,salat,9
P42-webcam01-P42_sandwich,92,sandwich,6
P42-webcam01-P42_scrambledegg,197,scrambledegg,5
P42-webcam01-P42_tea,67,tea,2
P42-cam02-P42_cereals,31,cereals,0
P42-cam02-P42_coffee,63,coffee,1
P42-cam02-P42_juice,102,juice,7
P42-cam02-P42_milk,83,milk,8
P42-cam02-P42_pancake,650,pancake,3
P42-cam02-P42_salat,241,salat,9
P42-cam02-P42_sandwich,92,sandwich,6
P42-cam02-P42_scrambledegg,197,scrambledegg,5
P42-cam02-P42_tea,67,tea,2
P42-stereo-P42_cereals_ch0,31,cereals,0
P42-stereo-P42_coffee_ch0,63,coffee,1
P42-stereo-P42_friedegg_ch0,202,friedegg,4
P42-stereo-P42_juice_ch0,102,juice,7
P42-stereo-P42_milk_ch0,83,milk,8
P42-stereo-P42_pancake_ch0,650,pancake,3
P42-stereo-P42_sandwich_ch0,92,sandwich,6
P42-stereo-P42_scrambledegg_ch0,197,scrambledegg,5
P42-stereo-P42_tea_ch0,67,tea,2
P42-webcam02-P42_cereals,31,cereals,0
P42-webcam02-P42_coffee,63,coffee,1
P42-webcam02-P42_friedegg,202,friedegg,4
P42-webcam02-P42_juice,102,juice,7
P42-webcam02-P42_milk,83,milk,8
P42-webcam02-P42_pancake,650,pancake,3
P42-webcam02-P42_salat,241,salat,9
P42-webcam02-P42_sandwich,92,sandwich,6
P42-webcam02-P42_scrambledegg,197,scrambledegg,5
P42-webcam02-P42_tea,67,tea,2
P43-cam01-P43_friedegg,173,friedegg,4
P43-cam01-P43_milk,34,milk,8
P43-cam01-P43_scrambledegg,137,scrambledegg,5
P43-webcam01-P43_cereals,52,cereals,0
P43-webcam01-P43_coffee,55,coffee,1
P43-webcam01-P43_friedegg,173,friedegg,4
P43-webcam01-P43_juice,109,juice,7
P43-webcam01-P43_milk,34,milk,8
P43-webcam01-P43_pancake,468,pancake,3
P43-webcam01-P43_salat,344,salat,9
P43-webcam01-P43_sandwich,100,sandwich,6
P43-webcam01-P43_scrambledegg,137,scrambledegg,5
P43-webcam01-P43_tea,47,tea,2
P43-cam02-P43_cereals,52,cereals,0
P43-cam02-P43_coffee,55,coffee,1
P43-cam02-P43_friedegg,173,friedegg,4
P43-cam02-P43_juice,109,juice,7
P43-cam02-P43_milk,34,milk,8
P43-cam02-P43_pancake,468,pancake,3
P43-cam02-P43_salat,344,salat,9
P43-cam02-P43_scrambledegg,137,scrambledegg,5
P43-cam02-P43_tea,47,tea,2
P43-stereo-P43_cereals_ch0,52,cereals,0
P43-stereo-P43_friedegg_ch0,173,friedegg,4
P43-stereo-P43_juice_ch0,109,juice,7
P43-stereo-P43_milk_ch0,34,milk,8
P43-stereo-P43_pancake_ch0,468,pancake,3
P43-stereo-P43_salat_ch0,344,salat,9
P43-stereo-P43_scrambledegg_ch0,137,scrambledegg,5
P43-stereo-P43_tea_ch0,47,tea,2
P43-webcam02-P43_cereals,52,cereals,0
P43-webcam02-P43_coffee,55,coffee,1
P43-webcam02-P43_friedegg,173,friedegg,4
P43-webcam02-P43_juice,109,juice,7
P43-webcam02-P43_milk,34,milk,8
P43-webcam02-P43_pancake,468,pancake,3
P43-webcam02-P43_salat,344,salat,9
P43-webcam02-P43_sandwich,100,sandwich,6
P43-webcam02-P43_scrambledegg,137,scrambledegg,5
P43-webcam02-P43_tea,47,tea,2
P44-cam01-P44_cereals,51,cereals,0
P44-cam01-P44_coffee,15,coffee,1
P44-cam01-P44_friedegg,146,friedegg,4
P44-cam01-P44_milk,66,milk,8
P44-cam01-P44_pancake,392,pancake,3
P44-cam01-P44_salat,329,salat,9
P44-cam01-P44_sandwich,104,sandwich,6
P44-cam01-P44_scrambledegg,183,scrambledegg,5
P44-cam01-P44_tea,74,tea,2
P44-webcam01-P44_cereals,51,cereals,0
P44-webcam01-P44_coffee,15,coffee,1
P44-webcam01-P44_friedegg,146,friedegg,4
P44-webcam01-P44_juice,102,juice,7
P44-webcam01-P44_milk,66,milk,8
P44-webcam01-P44_pancake,392,pancake,3
P44-webcam01-P44_salat,329,salat,9
P44-webcam01-P44_sandwich,104,sandwich,6
P44-webcam01-P44_scrambledegg,183,scrambledegg,5
P44-webcam01-P44_tea,74,tea,2
P44-cam02-P44_cereals,51,cereals,0
P44-cam02-P44_coffee,15,coffee,1
P44-cam02-P44_friedegg,146,friedegg,4
P44-cam02-P44_juice,102,juice,7
P44-cam02-P44_milk,66,milk,8
P44-cam02-P44_pancake,392,pancake,3
P44-cam02-P44_salat,329,salat,9
P44-cam02-P44_sandwich,104,sandwich,6
P44-cam02-P44_scrambledegg,183,scrambledegg,5
P44-cam02-P44_tea,74,tea,2
P44-stereo-P44_cereals_ch0,51,cereals,0
P44-stereo-P44_coffee_ch0,15,coffee,1
P44-stereo-P44_juice_ch0,102,juice,7
P44-stereo-P44_milk_ch0,66,milk,8
P44-stereo-P44_sandwich_ch0,104,sandwich,6
P44-stereo-P44_tea_ch0,74,tea,2
P44-webcam02-P44_cereals,51,cereals,0
P44-webcam02-P44_coffee,15,coffee,1
P44-webcam02-P44_friedegg,146,friedegg,4
P44-webcam02-P44_juice,102,juice,7
P44-webcam02-P44_milk,66,milk,8
P44-webcam02-P44_pancake,392,pancake,3
P44-webcam02-P44_salat,329,salat,9
P44-webcam02-P44_sandwich,104,sandwich,6
P44-webcam02-P44_scrambledegg,183,scrambledegg,5
P44-webcam02-P44_tea,74,tea,2
P45-cam01-P45_cereals,62,cereals,0
P45-cam01-P45_coffee,40,coffee,1
P45-cam01-P45_friedegg,186,friedegg,4
P45-cam01-P45_juice,113,juice,7
P45-cam01-P45_milk,40,milk,8
P45-cam01-P45_pancake,547,pancake,3
P45-cam01-P45_salat,258,salat,9
P45-cam01-P45_sandwich,66,sandwich,6
P45-cam01-P45_scrambledegg,296,scrambledegg,5
P45-cam01-P45_tea,30,tea,2
P45-webcam01-P45_cereals,62,cereals,0
P45-webcam01-P45_coffee,40,coffee,1
P45-webcam01-P45_friedegg,186,friedegg,4
P45-webcam01-P45_juice,113,juice,7
P45-webcam01-P45_milk,40,milk,8
P45-webcam01-P45_pancake,547,pancake,3
P45-webcam01-P45_salat,258,salat,9
P45-webcam01-P45_sandwich,66,sandwich,6
P45-webcam01-P45_scrambledegg,296,scrambledegg,5
P45-webcam01-P45_tea,30,tea,2
P45-cam02-P45_cereals,62,cereals,0
P45-cam02-P45_coffee,40,coffee,1
P45-cam02-P45_friedegg,186,friedegg,4
P45-cam02-P45_juice,113,juice,7
P45-cam02-P45_milk,40,milk,8
P45-cam02-P45_pancake,547,pancake,3
P45-cam02-P45_scrambledegg,296,scrambledegg,5
P45-cam02-P45_tea,30,tea,2
P45-stereo-P45_cereals_ch0,62,cereals,0
P45-stereo-P45_coffee_ch0,40,coffee,1
P45-stereo-P45_friedegg_ch0,186,friedegg,4
P45-stereo-P45_juice_ch0,113,juice,7
P45-stereo-P45_milk_ch0,40,milk,8
P45-stereo-P45_salat_ch0,258,salat,9
P45-webcam02-P45_cereals,62,cereals,0
P45-webcam02-P45_coffee,40,coffee,1
P45-webcam02-P45_friedegg,186,friedegg,4
P45-webcam02-P45_juice,113,juice,7
P45-webcam02-P45_milk,40,milk,8
P45-webcam02-P45_pancake,547,pancake,3
P45-webcam02-P45_salat,258,salat,9
P45-webcam02-P45_sandwich,66,sandwich,6
P45-webcam02-P45_scrambledegg,296,scrambledegg,5
P45-webcam02-P45_tea,30,tea,2
P46-cam01-P46_cereals,60,cereals,0
P46-cam01-P46_coffee,21,coffee,1
P46-cam01-P46_friedegg,207,friedegg,4
P46-cam01-P46_juice,108,juice,7
P46-cam01-P46_milk,82,milk,8
P46-cam01-P46_pancake,362,pancake,3
P46-cam01-P46_salat,210,salat,9
P46-cam01-P46_sandwich,96,sandwich,6
P46-cam01-P46_scrambledegg,210,scrambledegg,5
P46-cam01-P46_tea,87,tea,2
P46-webcam01-P46_cereals,60,cereals,0
P46-webcam01-P46_coffee,21,coffee,1
P46-webcam01-P46_friedegg,207,friedegg,4
P46-webcam01-P46_juice,108,juice,7
P46-webcam01-P46_milk,82,milk,8
P46-webcam01-P46_pancake,362,pancake,3
P46-webcam01-P46_salat,210,salat,9
P46-webcam01-P46_sandwich,96,sandwich,6
P46-webcam01-P46_scrambledegg,210,scrambledegg,5
P46-webcam01-P46_tea,87,tea,2
P46-cam02-P46_cereals,60,cereals,0
P46-cam02-P46_coffee,21,coffee,1
P46-cam02-P46_friedegg,207,friedegg,4
P46-cam02-P46_juice,108,juice,7
P46-cam02-P46_milk,82,milk,8
P46-cam02-P46_pancake,362,pancake,3
P46-cam02-P46_salat,210,salat,9
P46-cam02-P46_sandwich,96,sandwich,6
P46-cam02-P46_scrambledegg,210,scrambledegg,5
P46-cam02-P46_tea,87,tea,2
P46-stereo-P46_coffee_ch0,21,coffee,1
P46-stereo-P46_friedegg_ch0,207,friedegg,4
P46-stereo-P46_milk_ch0,82,milk,8
P46-stereo-P46_tea_ch0,87,tea,2
P46-webcam02-P46_cereals,60,cereals,0
P46-webcam02-P46_coffee,21,coffee,1
P46-webcam02-P46_friedegg,207,friedegg,4
P46-webcam02-P46_juice,108,juice,7
P46-webcam02-P46_milk,82,milk,8
P46-webcam02-P46_pancake,362,pancake,3
P46-webcam02-P46_salat,210,salat,9
P46-webcam02-P46_sandwich,96,sandwich,6
P46-webcam02-P46_scrambledegg,210,scrambledegg,5
P46-webcam02-P46_tea,87,tea,2
